Word,Frequency
Aam,1
Panna,1
by,13
Chef,6
@sanjyotkeer,7
#recipe,8
#foodie,14
#indiancuisine,6
#streetfood,16
#streetfoodindia,2
#foodporn,13
#foodphotography,6
#streetstyle,1
#sanjyotkeer,10
Ragda,1
Pattice,1
Pav,1
#chaat,1
#homemadefood,2
#homemade,4
#foodstagram,3
#foodstylist,2
Garlic,2
Bread,2
Omelette,2
Sandwich,2
There,2
is,31
a,46
separate,2
audience,2
for,39
egg,6
recipes,11
and,84
I,28
have,18
always,3
loved,2
to,59
innovate,2
&,35
prep,4
new,6
you,37
guys.,2
This,4
one,4
super,5
delicious,5
garlic,3
bread,5
X,2
recipe,21
which,9
can,13
be,8
prepped,2
in,40
multiple,2
"ways,",2
shown,6
2,11
ideas,2
creative.,2
Do,5
try,6
the,73
let,5
me,7
know,6
how,7
did,5
it,21
turn,2
out.,2
Cheers!,7
#sanwich,2
#sandwichesofinstagram,2
#sandwichlover,2
#sanwiches,2
#egglover,2
#eggrecipes,2
#eggsandwich,2
#yourfoodlab,8
#instadaily,8
Whatâ€™s,1
up,4
guys!,2
New,1
video,6
of,45
out,10
now,4
that,5
too,1
ways!,1
Check,4
on,18
YouTube,2
Facebook!,2
Kurkuri,1
Bhindi,1
Masala,1
#foodiesofinstagram,1
#bhindi,1
#bhindimasala,1
#kurkuribhindi,1
No,5
Bake,3
Mango,3
Cheese,3
Cake,3
Recipe,4
also,9
some,4
perfect,6
HOME-MADE,2
CREAM,2
CHEESE!,2
ğŸ˜,10
5,8
years,8
back,3
my,17
first,3
ever,3
went,2
viral,2
crossed,2
million,2
views,2
day,3
was,6
bake,2
mango,4
"cheesecake,",2
third,2
uploaded,5
internet.,2
wanted,2
recreate,2
this,24
during,3
season,2
finally,2
itâ€™s,8
here.,2
do,6
"it,",2
lot,3
guys,5
had,4
requested,2
cream,5
cheese,3
"recipe,",4
promise,3
works,2
really,3
well!,2
Try,2
out!,3
#nobakecheesecake,2
#mango,2
#mangoseason,2
#mangolover,2
#chessecake,2
#cake,2
Paneer,4
ka,4
Paratha,4
Though,2
several,2
paratha,2
channel,2
no,4
different.,2
Was,2
craving,2
"paratha,",2
but,4
considering,2
current,2
situation,2
thought,2
so,7
making,2
with,40
fresh,5
homemade,5
paneer.,2
It,2
has,4
turned,2
damn,2
specially,2
taste,2
elevated,2
addition,2
"thecha,",2
make,4
that.,2
Have,2
yummy,2
freshly,2
churned,2
butter,5
spicy,2
thecha.,2
comment,2
section,2
"below,",2
stay,7
"healthy,",2
safe.,2
#paratha,2
#parathalovers,2
#paratharecipes,2
#paneer,2
#homemadeparatha,2
What's,1
now!,1
them,4
YFL,3
|,2
Studio,1
Tour,1
Update,1
Today,1
YFLâ€™s,1
5th,1
birthday!,1
Congratulations,1
Fam!,1
Thank,4
your,18
unconditional,1
love,2
support!,1
Exactly,1
25th,1
April,1
"2016,",1
video.,1
passionate,1
about,1
cooking,1
becoming,1
chef,1
not,3
known,1
what,1
store,1
as,13
started,1
content,1
creation,1
journey.,1
These,1
been,4
most,1
beautiful,1
life,2
happened,1
only,3
because,2
support.,1
much,5
â¤ï¸,4
"Yes,",1
promised,1
kitchen,2
tour,2
celebrate,3
year,1
"milestone,",1
am,2
sorry,1
couldnâ€™t,1
fulfill,1
last,2
few,4
days,2
allowed,1
shoot,1
videos,2
you.,1
We,1
tried,1
our,3
best,3
use,2
platform,1
reach,1
help,3
support,1
people,4
need.,1
You,2
awesome,2
come,2
forward,3
many,2
"need,",1
sure,1
we,2
will,5
get,3
through,1
soon.,1
Looking,1
creating,1
"you,",1
happen,1
soon,1
milestone,1
together,2
once,2
everything,1
alright!,1
"again,",1
"congratulations,",1
"safe,",1
"strong,",1
take,2
care,1
selves.,1
Lots,1
"love,",1
#yfl,1
#aniversary,1
@supermoonbakehouse,1
â€œA,1
Cruffin,1
Momâ€,1
aka,2
LAVENDER,1
HONEY,1
CRUFFIN.,1
Filled,1
light,1
creamy,1
Honey,1
Lavender,1
CrÃ¨me,1
PÃ¢tissiÃ¨re,1
topped,1
white,1
choclate,1
honey,1
"glaze,",1
chantilly,1
bulb,1
lavender,1
sprig.,1
#supermoonbakehouse,1
#nycbakery,1
#nycfood,10
#food,19
#cruffin,1
#honey,1
#lavender,1
#mothersday,1
#mom,1
Reuben,1
from,4
@johnbrownbbq,1
ğŸ˜±,1
ğŸ“¸:,5
@chicharronasaurus,1
#reuben,1
#reubensandwich,1
#sandwich,1
#deli,1
#yum,6
#nycfoodie,3
#cornedbeef,1
#cheese,1
Tag,4
someone,1
youâ€™d,2
like,1
down,2
@sanmatteocucina,1
@nyclunchguy,1
#burrata,1
#prosciutto,1
#italianfood,1
#italian,1
#newforkcity,2
#eatnyc,3
RUN,1
over,3
@bazbagel,1
their,1
final,1
week,1
ramp,1
ğŸ¥¯ğŸ˜,1
@theboroughbred,1
#nycbagel,1
#bagel,1
#bagelandcreamcheese,1
#creamcheese,1
#ramps,1
#nyc,4
Oh,1
WOW,1
weâ€™re,1
freaking,1
Potato,1
chip,1
crispy,1
caramel,1
shell,1
donut,1
filled,2
pastry,1
PB&J,1
@wildairnycâ ,1
sound,1
ON!,1
â ,1
ğŸ¥:,1
@faridehâ ,1
#munchies,1
#eatmunchies,1
#wildair,1
#potatochip,1
#pbj,1
#donut,1
#eaternyc,1
Wow!,1
Hot,2
tip,1
@briancantstopeating,1
order,2
@pizzalovesemily,1
Le,1
Big,1
Matt,1
burger,1
off,3
@goldbelly,1
at,11
home,4
yourself.,1
Perfect,1
friends,8
outside,1
NYC!!,1
need,1
pretzel,1
"bun,",1
"pickles,",1
secret,2
Emmy,1
Sauce,1
meat,1
blends,1
burger.,1
ğŸ”¥ğŸ”,1
#goldbelly,1
#pizzalovesemily,1
#emmysquared,1
#lebigmatt,1
#burger,1
#cheeseburger,1
@catch,1
Spring,1
#hitme,1
drops,1
Friday,1
!!!!,1
ğŸ“ğŸ¯,1
ğŸ°,1
#catchnyc,1
#dessert,2
#spring,1
#fruity,1
#catch,1
dim,1
sum,1
crew,1
devour,1
ğŸ¥Ÿ,1
ğŸ¤ğŸ‘©â€ğŸ‘©â€ğŸ‘¦â€ğŸ‘¦,1
@fionaeats365,1
#dimsum,1
#chinatown,1
#nyceats,1
#dumplings,1
#shumai,1
Favorite,1
place,6
steak,1
NYC?,1
ğŸ¥©ğŸ—½ğŸ‘‡ğŸ½,1
@imma_eat_this,1
ğŸ¥©:,1
@brooklynchophouse,1
#brooklynchophouse,1
#steak,1
#carnivore,1
#newyork,1
Cacio,1
e,1
Pepe,1
meatless,1
Monday,1
meal,2
@rosemarysnyc,1
#cacioepepe,1
#pasta,1
#meatlessmonday,1
#westvillage,1
#rosemarys,1
Lunch,1
scene,1
afternoon,1
-,14
an,1
all,8
Andhra,2
vegetarian,1
bhojanam!,1
steamed,1
"rice,",1
pappu,4
charu,2
(tamarind,2
based,1
lentil,1
vegetable,3
"stew),",1
cauliflower,2
"pickle,",1
chikkudikaya,2
tomato,6
kura,3
(broad,1
beans,1
"curry),",1
kalchina,2
vankaya,2
pachadi,3
(roasted,1
brinjal,1
chutney),1
buttermilk,1
(not,1
pic),1
The,7
"pulusu,",1
are,6
blog.,2
Am,1
yet,1
blog,4
pickle,1
www.sailusfood.com,3
#sailusfood,10
#indianfood,11
#simplefood,3
#thali,3
#andhrafood,2
#telugufood,2
#andhracuisine,2
#healthyfood,2
#healthyliving,2
#lunch,2
#lunchideas,2
#homecooking,2
#southindianfood,5
#andhra,2
#flavorsofindia,2
#authenticfood,3
#ammacooking,2
#traditional,2
#indiankitchen,2
#walkwithindia,9
#ilovetoeat,2
#eattherainbow,4
#comfortfood,12
#soulfood,8
#goodfoodindia,5
#indiafood_lovers,2
#foodtalkindia,9
Ghee,1
Podi,1
Idli,1
breakfast.,2
left,2
idlis,2
took,1
avatar,1
generous,2
sprinkle,2
coarsely,1
pound,1
idli,1
podi,1
tossed,1
tempering,1
mustard,2
"seeds,",1
urad,1
dal,1
curry,2
leaves.,1
#breakfast,2
#idli,2
#podiidli,1
#veganfoodshare,4
#idlilove,2
#idlipodi,1
#breakfastlover,4
#breakfastofchamps,5
#foodielife,2
#ndtv_food,6
#southindianbreakfast,4
#healthybreakfast,3
#foodblogfeed,11
#whatiate,3
#onmytable,3
#breakfastclub,3
#healthyish,2
#yummyinmytummy,8
Relished,1
desi,1
ghee,2
smeared,1
roti,2
aloo,3
tamatar,2
sabji,1
(no,1
onion,2
garlic),1
dahi,1
that's,3
spiked,1
roasted,2
cumin,2
powder,3
For,6
"sabji,",1
peel,1
large,2
potato,2
chop,1
into,3
"1/2""",2
thin,1
pieces.,2
Chop,1
small,1
Heat,3
1,5
1/2,8
tbsps,2
oil,4
pressure,3
"cooker,",1
add,2
tsp,10
crackle.,1
Add,10
slit,1
green,3
chilies,1
chopped,3
potatoes,2
cook,4
low,1
flame,2
mins.,5
turmeric,1
"powder,",3
grated,2
ginger,2
(1/2,1
"tsp),",1
dhania,1
red,2
chili,2
salt.,1
Mix,1
min.,1
tomatoes,1
4-5,1
amount,1
"coriander,",1
cup,1
water,2
whistles.,1
Once,1
"eases,",1
open,1
lid,1
simmer,2
minutes,1
if,5
required.,1
1/4,4
garam,2
masala,4
coriander,2
mix.,1
#northindianfood,5
#lbreakfast,1
#desikhana,1
#aloosabji,1
#breakfastoftheday,4
#ilovecooking,1
#delhifoodie,5
#dilsefoodie,2
#delhifoodies,2
#happinessishomemade,3
#thefeedfeed,5
#huffposttaste,4
#kitchenstories,3
#vegetarianfoodshare,3
#fbci_official,2
#delhidiaries,2
#truecooks,3
A,4
heart,1
"warming,",1
breakfast,4
#onmyplate,3
hot,5
kurma.,2
One,2
side,1
dishes,2
go,1
idli.,1
quite,1
variations,1
Here's,1
made,6
kurma,1
high,2
flavour.,1
tbsp,3
pan.,1
sliced,2
medium,1
"tomatoes,",1
"chili,",1
cloves,1
sautÃ©,2
Cool,1
grind,1
gram,1
"dal,",1
"coconut,",1
poppy,1
seeds,2
fennel,1
seeds.,1
vessel.,1
allow,1
splutter.,1
leaves,1
6-7,1
powder.,1
Mix.,1
ground,1
paste,1
cups,1
salt,1
taste.,1
Bring,1
rolling,1
"boil,",1
reduce,1
10-12,1
#tomatokurma,1
#glutenfreeindia,3
#healthy,2
#traditionalfood,1
#aurhenticfood,1
#glutenfreevegan,2
Heavenly,1
morning,1
roast,1
golden,2
dosa,1
sambar,1
coconut,1
chutney.,1
And,2
"course,",1
filter,1
kaapi!,1
#dosa,1
#dosai,1
#tiffinsofindia,1
#chutney,1
#yahoofood,1
#tiffin,1
#dosalove,1
#homechef,1
#foodiesofindia,2
#bestbreakfastever,1
Made,2
matar,4
paneer,2
(home,1
paneer),1
served,2
using,1
bature,1
dough.,1
winter,1
breakfast!,1
buy,1
or,10
peas,1
tend,1
fistful,1
don't,2
call,3
them.,1
Anyone,1
crazy,1
matar?,1
ğŸ˜Š,2
link,4
IG,2
profile,3
google,3
'sailu,3
paneer',1
#punjabifood,2
#matarpaneer,1
#roti,1
#matar,1
#greenpeas,1
#ontheplate_project,2
#latergram,1
comforting,1
bhojanam,1
yesterday,1
ğŸ”¸Menthukura,1
(methi,1
turdal),1
ğŸ”¸Tomato,1
perugu,1
ğŸ”¸Chilakadadumpa,1
(sweet,1
curry),1
ğŸ”¸Charu,1
soup),1
ğŸ”¸Annam,1
(steamed,1
rice),1
All,3
Sunday,2
scenes,1
time,2
favourite,2
Chole,1
Bhature,1
match,1
heaven!,1
What,1
eat,1
breakfast?,1
If,4
want,2
Punbaji,1
chole,2
"bhature,",1
find,4
OR,1
recipe'.,1
batura,1
Instagram,1
#batura,1
#cholebhature,1
#tasteofindia,1
#sodelhi,1
#indianfoodbloggers,1
#breakfastspecial,1
#whatsforbreakfast,1
#nomnom24x7,1
@thefoodguruji,1
@mumbaifoodies,1
@theindianroute,1
@buzzfeedfood,1
@dillifoodies,1
@foodreview.in,1
@desi.foodbie,1
@delhisehoon,1
@bhukkhadbybirth,1
today,1
stove,1
"lacy,",1
soft,1
appams,1
Kerala,2
style,2
stew.,1
interested,1
Appam,1
"stew,",1
visit,1
name',1
#appam,1
#vegetablestew,1
#keralafood,1
#thefoodfeed,2
#lovemyfood,1
updated,1
Paal,1
Poli,1
milk,1
"poori,",1
Diwali.,1
classic,1
South,1
Indian,1
dessert,2
where,2
deep,2
fried,1
pooris,1
(made,1
flour,1
semolina,1
dough),1
dunked,1
rich,1
cardamom,1
"flavored,",1
reduced,1
sweetened,1
milk.,1
Simply,1
irresistible,1
dessert!,1
Those,1
who,2
#paalpoli,1
#milkpoli,1
#milkpuri,1
#recipeoftheday,1
#southindiansweet,1
#foodblog,1
#instafoodie,1
#sodelicious,1
#ontheblog,1
#foodgawker,1
#f52grams,1
#buzzfeedfood,1
#diwali,1
#krishnashtami,1
#bhogi,1
#foodblogger,1
#feedfeed,1
#indiandessert,1
#beautifulcuisines,1
#indiansweets,1
#indiancooking,1
#traditionalsweets,1
#indianfestivalrecipes,1
Plan,6
private,2
parties,7
@the_roof_tree,2
Rooftree,2
lounge,6
resto,1
!!,1
ğŸ˜‹@the_roof_tree,1
Enjoy,2
family,7
!,3
types,2
veg,2
non-veg,2
food,12
available,2
contact,2
8871784654,3
Address,9
:-,15
R-11,1
",",43
Hardev,2
complex,3
above,1
JK,1
marble,1
mp,3
nagar,2
zone,3
Bhopal,3
#rootree,1
#rootreebhopal,1
#newrestaurant,1
#bhopalrestaurant,8
#lounge,6
Celebrate,1
christmas,1
@r_ambience_,5
venture,4
Hotel,4
Sunshine,4
"""Exclusive",4
Restro,4
Rooftop,4
cafe,4
"""ğŸ˜",1
R-ambience,5
Amazing,5
ambience,5
multi,5
cuisines,5
availableğŸ˜„,5
Best,5
hangout,5
Contact,5
bookings,5
0755-4244281,5
next,5
hotel,5
sunshine,5
bhawani,5
road,5
sehore,5
naka,5
bairagarh,5
bhopal,8
#bhopalblogger,7
#foodblogbhopal,8
#cafe,5
#bhopalfood,6
#bhopallounge,6
#foodlove,9
Diwali,1
vibes,1
ğŸ˜â¤,1
rooftree,1
restro,1
Address:-,1
R11,2
hardev,1
nagae,1
Bookings,1
#bhopal,4
#rooftree,2
#rooftop,1
#diwalibhopal,1
#restaurants,1
Spicy,1
Roll,1
ğŸ˜ğŸ˜,1
Place,2
Fantasy,1
bakery,1
market,1
Cakes,1
paties,1
Rolls,1
pastries,1
more,2
foodblogbhopal,2
related,2
pictures,2
ğŸ˜‹,2
#photooftheday,1
"""",7
Unplugged,1
nights,1
CHEESE,1
CIGAR,1
ROLL,1
ROOFTREE,1
ANNIVERSARY,1
CELEBRATIONğŸ˜,1
@,1
18,2
October,1
Live,1
band,2
Six,1
strings,1
october,1
6:30,1
pm,1
onwards,1
Get,1
flat,1
10%,1
bill,1
reservations,1
4th,1
floor,1
Pasta,1
@smack_a_tasty_encounter,1
Food,1
truck,1
Shahpura,1
#smackdown,1
#smack,1
ğŸ¥Order,1
Mommyâ€™s,2
Chicken,1
Now,1
@9131527491,1
(You,1
given,1
bio,3
@mommyschicken_bhopal),1
ğŸ¥Raw,1
Pre-cuts,1
(No,1
washing,1
required),1
ğŸ¥Ready,2
Cook,1
Marinades,1
"(Open,",1
Fry,1
Eat),3
Eat,1
(Open,2
ğŸ¥Gym,1
box,1
does,1
option,1
providing,1
premium,1
quality,1
chicken,3
antibiotic,1
"free,",1
farm,2
"fresh,",1
"hygienic,",1
fat,1
free,1
clean,1
delivered,1
just,2
away.,1
Why,1
Chicken?,1
ğŸ¥Working,1
fork,1
concept,1
ğŸ¥No,1
Antibiotic,1
growth,1
promoters,1
ğŸ¥Chickens,1
Raised,1
under,1
secure,1
environment.,1
ğŸ¥We,1
choose,1
ingredients,1
prepare,1
marinades.,1
any,1
further,1
query,1
DM,1
9131527491,1
#bhopalfoodwalks,9
#bhopalifood,9
#bhopalfoodwalk,10
#bhopalizayka,10
#bhopali,9
#jamamasjid,3
#bhopalkibaatein,10
#delhi,2
#sweet,9
#holifestivalofcolours,8
#trending,9
#viral,9
#instagramers,9
#exploremore,9
#likeforlikes,2
#like4likes,2
#followï½e,2
#follow4followback,2
#amritsar,8
#photography,8
#indianstreetfood,8
#goldentemple,6
#amritsardiaries,6
#delhifoodbloggers,3
#foodpornshare,3
Aslam's,1
Butter,1
"First,",1
cooked,1
coal,1
tandoor,1
provides,1
aroma,1
smokey,1
flavour,1
coal.,1
After,1
"that,",1
they,1
having,1
mixture,1
than,1
50,1
different,1
type,1
spices,2
least,1
piping,2
amul,1
added,1
give,1
name,1
chicken.,1
#instafood,2
Mohobbat,1
sharbat,1
ğŸ¹ğŸ¥¤,1
bhopalfoodwalks,1
#_,7
#bhfypy,7
#bh,7
#followforlike,2
#_coi,7
#picoftheday,7
#followus,6
Shahi,5
Tukdaâœ¨,1
It's,2
dish,2
Mughal,1
origin,1
believed,1
invented,1
Pakistan,2
though,1
very,4
popular,2
India,2
well.,2
Etymologically,1
word,2
Tukda,1
broken,1
two,1
words,1
meaning,3
royal,1
tukda,3
piece.,1
pudding,1
eaten,3
"India,",1
particularly,2
famous,2
"Delhi,",1
"Lucknow,",1
Hyderabad.,1
In,2
North,1
"Pakistan,",1
deep-fried,1
"ghee,",1
soaked,1
sugar,1
"syrup,",1
then,1
piled,1
rabri,2
dried,1
fruit,1
"nuts,",1
called,1
shahi,1
"tukda,",1
â€œroyal,1
piece.â€,1
"Hyderabad,",1
baked,1
after,2
"combined,",1
referred,1
Hyderabadi,1
double,1
"meetha,",1
â€œdouble,2
"sweet,â€",1
local,1
Western-style,1
leavened,1
"bread,",1
rotiâ€,1
(so-called,1
rising,1
process).,1
Both,1
versions,1
often,1
dressed,1
shiny,1
silver,1
warq,1
meant,1
mark,1
festive,1
occasions,1
beguile,1
potential,1
customers.,1
favorite,1
street,2
well,1
preparation.,1
Itâ€™s,1
"Ramadan,",1
when,2
break,1
daily,1
"fast,",1
"Eid,",1
end,1
month,1
fasting.,1
Meerut,1
ke,2
Mashoor,1
sheermal,1
Ramadan,1
Special,1
âœ¨,1
#delhiblogger,1
#ramzanmubarak,1
#ramadan,1
#ramzan,1
humble,1
request,1
please,4
donate,5
Plasma,2
save,1
someone's,1
ğŸ”¥,2
Please,2
ignore,1
friend,1
recovered,1
COVID-19,2
recovery,2
period,2
fill,3
form,2
Link,1
ğŸ™ğŸ»,2
#wassupbhopal,3
#,1
Healthy,1
Covid,2
Thalis,1
delivering,1
@fernresidencybhopal,1
ğŸ‘ŒğŸ»,1
"Hospitals,",1
"Patients,",1
Corporate,1
ğŸ™,2
safety,1
measures,1
takes,1
ğŸ‘ğŸ»,1
Call,1
6262033952,1
ğŸ“,1
7,1
ISBT,1
Commercial,1
"Campus,",1
Near,1
Chetak,1
"Bridge,",1
MP,1
"Nagar,",1
462016,1
#covid,1
#safe,1
#fern,1
à¤•à¥ƒà¤ªà¤¯à¤¾,1
à¤†à¤—à¥‡,1
à¤†à¤,1
à¤”à¤°,1
PLASMA,1
ğŸ’‰Donate,1
kare,1
Aap,1
logo,1
ki,4
jaan,2
bacha,1
sakte,1
hai,1
-->,2
How,2
TESTED,1
POSITIVE,1
PERSON,2
help?,1
â¬‡ï¸,2
1.,2
Fill,1
plasma,1
even,1
you're,2
(aapke,1
negative,2
28,1
baad,1
hi,1
aapko,1
krna,1
hoga).,1
2.,2
Forward,1
can.,1
3.,2
When,1
asked,1
"plasma,",1
go.,1
4.,1
could,1
donated,1
"month,",1
upcoming,2
months,2
"this,",2
We're,3
proud,2
ğŸ‘,2
YOU,2
SAVED,2
LIVES,2
COMMON,1
saving,1
lives?,1
Share,1
message,1
"everyone,",1
matter,1
he/she's,1
positive,1
Ask,1
form.,1
Explain,1
importance,1
facts.,1
already,1
"Donate,",1
keep,1
donating,1
ğŸ™â¤ï¸,1
"Also,",1
thank,2
"form,",1
circulated,1
urged,1
it.,2
"thankful,",1
helping,1
â¤ï¸ğŸ™,1
Video,1
by-,1
@_him.mu_,1
#amity,1
#covid_19,1
#donate,1
#plasma,1
#donateplasma,1
#help,1
#instagram,1
#news,1
#positive,1
#circulate,1
#share,1
#plasmadonation,1
#love,1
#stayhome,1
#socialdistancing,1
#lockdown,1
#quarantine,1
#lockdown2021,1
#covid2021,1
#health,1
#virus,1
#pandemic,1
#staysafe,1
Woh,1
wqt,1
lauta,4
woh,2
sama,1
...,3
Logo,1
khushiyan,1
muskan,1
Is,1
desh,1
hariyali,1
aur,1
Stay,1
safe,1
ğŸ’š,1
Let's,1
fight,1
SATPURA,2
unique,1
you'll,2
Amritsar.,1
preparation,1
taking,1
"amazing,",1
maida,1
dough,1
used,2
"crunchy,",1
inside,1
mild,1
filling,1
aalo,1
masala.,1
main,1
thing,1
boil,1
mix,1
Then,1
fired,1
sabzi.,1
beers,1
samosa,1
"wala,",1
Amritsar,1
near,1
Temple.,1
